﻿Index word ;Russian ;English ;
D1k1;СТОЙ, ТЫ, ЧЕРЕДУЮЩИЙСЯ СЛИЗЕНЬ;Hey, stop!;
D1g1;???;Who are you?;
D1k2; Мы теперь враги. Я буду злодеем. ;We are enemies now. I will be the bad guy. ;
D1k3; У нас тогда буквы чередующиеся: с-з. Кстати, я Великий Король Слизляндии;I am the Great King of Slimeland.;
D1g2;Я сбегу из твоей лаборатории, ты ненормальный!;I'll escape from your lab, you're crazy!;
D1k4;Уахахаха, беги! Ты прибежишь и я тебя съем.;Mwahaha, run! You'll get to me and I'll eat you.;
D1g3;Я и остальных слизней всех спасу.;I'll save all the other goos.;
D1k5;Удачи!;Good luck!;
D2k1;И как твой побег? Следующие комнаты защищены лучше!;And how was your escape? The next rooms are protected better!;
D2g1;Я пройду. Слизь не будет больше едой.;I'll make it through. Slime won't be food anymore.;
D2k2;Уахаха, ты лишь очередной ужин.;Mwahaha, you're just another dinner.;
D3k1;Стой! Может хватит уже?! Ты только силы тратишь.;Stop! Isn't it enough already?! You're just wasting energy.;
D3g1;Значит невкусным буду, отлично!;I'll be unappetizing then, great!;
D3k2;Глупец... Чего ты добиваешься?;Fool... What are you trying to get?;
D3g2;Свободу слизи!;Freedom to slime!;
D3k3;Ты хочешь оставить людей голодать?!;So you want to leave the people hungry?!;
D3g3;Пусть! Найдут еду получше!;So be it! They'll find better food!;
D3_mom;"""Сегодня у нас картошка в грибном соусе""";"""Today we have potatoes in mushroom sauce.""";
D4g1;Кажется у тебя ловушки закончились.;Looks like you've run out of traps.;
D4k1;Ну что-же, поздравляю! ;Well, congratulations! ;
D4k2;Ты очень хотел оставить нас голодными, но я - последняя ловушка.;You really wanted to leave us hungry, but I am the final trap.;
D4g2;С дороги!;Get out of my way!;
D4k3;А то что?;Or else what?;
D5g1;Слизь заслужила свободу;Slime deserves freedom.;
D5k1;Не бухти уже под руку, видишь, что натворил?;Stop it already, can't you see the mess you've made?;
D5g2;Слабак, иди ешь нормальную еду и становись сильнее;Wimp, go eat some good food and become stronger.;
D5k2;Какую 'нормальную'?;"What kind of ""good"" food?";
D5g3;Вот ;Here;
D5_show;*Указывает на грибы*;*Pointing at mushrooms*;
D5k3;Фу;Ugh.;
D5g4;Привыкнешь;You'll get used to it.;
D5_mom1;Все к столу!';"""Everyone, to the table!""";
D5g5;Всё, мне пора;Got to go now.;
D5k4;Возьми меня с собой...;Take me with you...;
D5g6;Пошли, ты же тут главный, открывай;Well, you're the boss here, open up.;
D5_mom2;Хорошо придумал, больше грязь и слизь не пробуй.';"""Good story. No more tasting mud or slime, OK?""";
D5_son1;"Хорошо, мам""'";"""OK, mom.”";
message_lock;Уровень закрыт;Level not unlocked;
button_help;Нажми 'Space', чтобы летать \n Нажми 'Esc', чтобы открыть игру на полный экран;Press 'Space' to fly \n Press 'Esc' to open the game in full screen;
name_slime;Слизень ;Goo;
name_king;Злодей;The King;
word_slime;С;G;
word_king;З;K;
